team_name,category,model,livery,championship_names,livery_id,model_folder
Minardi,F-V10_Gen1,Formula V10 Gen1,Scuderia Faenza Girardi #0,Formula 1 (V10 Gen 1),51,formula_v10_g1
Minardi,F-V10_Gen1,Formula V10 Gen1,Scuderia Faenza Girardi #1,Formula 1 (V10 Gen 1),52,formula_v10_g1
Prost Grand Prix,F-V10_Gen1,Formula V10 Gen1,Bolt G.P. #2,Formula 1 (V10 Gen 1),53,formula_v10_g1
Prost Grand Prix,F-V10_Gen1,Formula V10 Gen1,Bolt G.P. #3,Formula 1 (V10 Gen 1),54,formula_v10_g1
Scuderia Ferrari,F-V10_Gen1,Formula V10 Gen1,Scuderia Forza #4,Formula 1 (V10 Gen 1),55,formula_v10_g1
Scuderia Ferrari,F-V10_Gen1,Formula V10 Gen1,Scuderia Forza #5,Formula 1 (V10 Gen 1),56,formula_v10_g1
Williams,F-V10_Gen1,Formula V10 Gen1,Lione G.P. #6,Formula 1 (V10 Gen 1),57,formula_v10_g1
Williams,F-V10_Gen1,Formula V10 Gen1,Lione G.P. #7,Formula 1 (V10 Gen 1),58,formula_v10_g1
Tyrrell Racing Organisation,F-V10_Gen1,Formula V10 Gen1,Didcot Racing #8,Formula 1 (V10 Gen 1),59,formula_v10_g1
Tyrrell Racing Organisation,F-V10_Gen1,Formula V10 Gen1,Didcot Racing #9,Formula 1 (V10 Gen 1),60,formula_v10_g1
Sauber,F-V10_Gen1,Formula V10 Gen1,Zir-Win Motorsport #10,Formula 1 (V10 Gen 1),61,formula_v10_g1
Sauber,F-V10_Gen1,Formula V10 Gen1,Zir-Win Motorsport #11,Formula 1 (V10 Gen 1),62,formula_v10_g1
Jordan Grand Prix,F-V10_Gen1,Formula V10 Gen1,Paddy G.P. #12,Formula 1 (V10 Gen 1),63,formula_v10_g1
Jordan Grand Prix,F-V10_Gen1,Formula V10 Gen1,Paddy G.P. #14,Formula 1 (V10 Gen 1),64,formula_v10_g1
Arrows,F-V10_Gen1,Formula V10 Gen1,Surrey Racing #15,Formula 1 (V10 Gen 1),65,formula_v10_g1
Arrows,F-V10_Gen1,Formula V10 Gen1,Surrey Racing #16,Formula 1 (V10 Gen 1),66,formula_v10_g1
Stewart Grand Prix,F-V10_Gen1,Formula V10 Gen1,Stedman G.P. #17,Formula 1 (V10 Gen 1),67,formula_v10_g1
Stewart Grand Prix,F-V10_Gen1,Formula V10 Gen1,Stedman G.P. #18,Formula 1 (V10 Gen 1),68,formula_v10_g1
Benetton Formula,F-V10_Gen1,Formula V10 Gen1,United Racing #19,Formula 1 (V10 Gen 1),69,formula_v10_g1
Benetton Formula,F-V10_Gen1,Formula V10 Gen1,United Racing #20,Formula 1 (V10 Gen 1),70,formula_v10_g1
McLaren Racing,F-V10_Gen1,McLaren Mercedes MP4/12,McLaren MP4/12 #9,Formula 1 (V10 Gen 1),51,mclaren_mp4_12
McLaren Racing,F-V10_Gen1,McLaren Mercedes MP4/12,McLaren MP4/12 #10,Formula 1 (V10 Gen 1),52,mclaren_mp4_12
MasterCard Lola,F-V10_Gen1,McLaren Mercedes MP4/12,McLaren MP4/12 Testcar #9,Formula 1 (V10 Gen 1),53,mclaren_mp4_12
MasterCard Lola,F-V10_Gen1,McLaren Mercedes MP4/12,McLaren MP4/12 Testcar #10,Formula 1 (V10 Gen 1),54,mclaren_mp4_12
Minardi,F-V10_Gen2,Formula V10 Gen2 (M),Didcot Racing #1,Formula 1 (V10 Gen 2),51,formula_v10_g2_m
Minardi,F-V10_Gen2,Formula V10 Gen2 (M),Didcot Racing #2,Formula 1 (V10 Gen 2),52,formula_v10_g2_m
Prost Grand Prix,F-V10_Gen2,Formula V10 Gen2 (B),Bolt G.P. #22,Formula 1 (V10 Gen 2),57,formula_v10_g2_b
Prost Grand Prix,F-V10_Gen2,Formula V10 Gen2 (B),Bolt G.P. #23,Formula 1 (V10 Gen 2),58,formula_v10_g2_b
Benetton Formula,F-V10_Gen2,Formula V10 Gen2 (M),Puma Racing #5,Formula 1 (V10 Gen 2),53,formula_v10_g2_m
Benetton Formula,F-V10_Gen2,Formula V10 Gen2 (M),Puma Racing #6,Formula 1 (V10 Gen 2),54,formula_v10_g2_m
Arrows,F-V10_Gen2,Formula V10 Gen2 (M),Roch G.P. #7,Formula 1 (V10 Gen 2),55,formula_v10_g2_m
Arrows,F-V10_Gen2,Formula V10 Gen2 (M),Roch G.P. #8,Formula 1 (V10 Gen 2),56,formula_v10_g2_m
Jordan Grand Prix,F-V10_Gen2,Formula V10 Gen2 (B),Paddy G.P. #9,Formula 1 (V10 Gen 2),51,formula_v10_g2_b
Jordan Grand Prix,F-V10_Gen2,Formula V10 Gen2 (B),Paddy G.P. #10,Formula 1 (V10 Gen 2),52,formula_v10_g2_b
BAR,F-V10_Gen2,Formula V10 Gen2 (M),Scuderia Faenza Girardi #14,Formula 1 (V10 Gen 2),57,formula_v10_g2_m
BAR,F-V10_Gen2,Formula V10 Gen2 (M),Scuderia Faenza Girardi #15,Formula 1 (V10 Gen 2),58,formula_v10_g2_m
Sauber,F-V10_Gen2,Formula V10 Gen2 (B),Zir-Win Motorsport #18,Formula 1 (V10 Gen 2),53,formula_v10_g2_b
Sauber,F-V10_Gen2,Formula V10 Gen2 (B),Zir-Win Motorsport #19,Formula 1 (V10 Gen 2),54,formula_v10_g2_b
Scuderia Ferrari,F-V10_Gen2,Formula V10 Gen2 (B),Scuderia Forza #20,Formula 1 (V10 Gen 2),55,formula_v10_g2_b
Scuderia Ferrari,F-V10_Gen2,Formula V10 Gen2 (B),Scuderia Forza #21,Formula 1 (V10 Gen 2),56,formula_v10_g2_b
Williams,F-V10_Gen2,Formula V10 Gen2 (B),TAB Racing #24,Formula 1 (V10 Gen 2),59,formula_v10_g2_b
Williams,F-V10_Gen2,Formula V10 Gen2 (B),TAB Racing #25,Formula 1 (V10 Gen 2),60,formula_v10_g2_b
McLaren Racing,F-V10_Gen2,Formula V10 Gen2 (M),United Racing #26,Formula 1 (V10 Gen 2),59,formula_v10_g2_m
McLaren Racing,F-V10_Gen2,Formula V10 Gen2 (M),United Racing #27,Formula 1 (V10 Gen 2),60,formula_v10_g2_m
Williams,F-V10_Gen3,Formula V10 Gen3 (M),TAB Racing #3,Formula 1 (V10 Gen 3),51,formula_v10_g3_m
Williams,F-V10_Gen3,Formula V10 Gen3 (M),TAB Racing #4,Formula 1 (V10 Gen 3),52,formula_v10_g3_m
Jordan Grand Prix,F-V10_Gen3,Formula V10 Gen3 (M),Didcot Racing #7,Formula 1 (V10 Gen 3),53,formula_v10_g3_m
Jordan Grand Prix,F-V10_Gen3,Formula V10 Gen3 (M),Didcot Racing #8,Formula 1 (V10 Gen 3),54,formula_v10_g3_m
Sauber,F-V10_Gen3,Formula V10 Gen3 (M),Zir-Win Motorsport #11,Formula 1 (V10 Gen 3),55,formula_v10_g3_m
Sauber,F-V10_Gen3,Formula V10 Gen3 (M),Zir-Win Motorsport #12,Formula 1 (V10 Gen 3),56,formula_v10_g3_m
Red Bull Racing,F-V10_Gen3,Formula V10 Gen3 (M),energyX Racing #14,Formula 1 (V10 Gen 3),57,formula_v10_g3_m
Red Bull Racing,F-V10_Gen3,Formula V10 Gen3 (M),energyX Racing #15,Formula 1 (V10 Gen 3),58,formula_v10_g3_m
BAR,F-V10_Gen3,Formula V10 Gen3 (M),TECH-J Racing #16,Formula 1 (V10 Gen 3),59,formula_v10_g3_m
BAR,F-V10_Gen3,Formula V10 Gen3 (M),TECH-J Racing #17,Formula 1 (V10 Gen 3),60,formula_v10_g3_m
Scuderia Ferrari,F-V10_Gen3,Formula V10 Gen3 (B),Scuderia Forza #1,Formula 1 (V10 Gen 3),51,formula_v10_g3_b
Scuderia Ferrari,F-V10_Gen3,Formula V10 Gen3 (B),Scuderia Forza #2,Formula 1 (V10 Gen 3),52,formula_v10_g3_b
McLaren Racing,F-V10_Gen3,Formula V10 Gen3 (B),Paddy G.P. #18,Formula 1 (V10 Gen 3),53,formula_v10_g3_b
McLaren Racing,F-V10_Gen3,Formula V10 Gen3 (B),Paddy G.P. #19,Formula 1 (V10 Gen 3),54,formula_v10_g3_b
Minardi,F-V10_Gen3,Formula V10 Gen3 (B),Scuderia Faenza Girardi #20,Formula 1 (V10 Gen 3),55,formula_v10_g3_b
Minardi,F-V10_Gen3,Formula V10 Gen3 (B),Scuderia Faenza Girardi #21,Formula 1 (V10 Gen 3),56,formula_v10_g3_b
Renault F1 Team,F-V10_Gen3,Renault R25,Renault R25 #5,Formula 1 (V10 Gen 3),51,renault_r25
Renault F1 Team,F-V10_Gen3,Renault R25,Renault R25 #6,Formula 1 (V10 Gen 3),52,renault_r25
Lotus F1 Team,F-Reiza,Formula V8 Gen3,Team Virystone #11,Formula 1 (V8 Gen 3),61,formula_reiza
Lotus F1 Team,F-Reiza,Formula V8 Gen3,Team Virystone #12,Formula 1 (V8 Gen 3),62,formula_reiza
Force India,F-Reiza,Formula V8 Gen3,Reizoil G.P. #24,Formula 1 (V8 Gen 3),73,formula_reiza
Force India,F-Reiza,Formula V8 Gen3,Reizoil G.P. #25,Formula 1 (V8 Gen 3),74,formula_reiza
McLaren Racing,F-Reiza,Formula V8 Gen3,McLean G.P. #16,Formula 1 (V8 Gen 3),65,formula_reiza
McLaren Racing,F-Reiza,Formula V8 Gen3,McLean G.P. #17,Formula 1 (V8 Gen 3),66,formula_reiza
Mercedes-AMG,F-Reiza,Formula V8 Gen3,Starward G.P. #18,Formula 1 (V8 Gen 3),67,formula_reiza
Mercedes-AMG,F-Reiza,Formula V8 Gen3,Starward G.P. #19,Formula 1 (V8 Gen 3),68,formula_reiza
Scuderia Toro Rosso,F-Reiza,Formula V8 Gen3,energyX Faenza #5,Formula 1 (V8 Gen 3),55,formula_reiza
Scuderia Toro Rosso,F-Reiza,Formula V8 Gen3,energyX Faenza #6,Formula 1 (V8 Gen 3),56,formula_reiza
Red Bull Racing,F-Reiza,Formula V8 Gen3,energyX Racing #20,Formula 1 (V8 Gen 3),69,formula_reiza
Red Bull Racing,F-Reiza,Formula V8 Gen3,energyX Racing #21,Formula 1 (V8 Gen 3),70,formula_reiza
Scuderia Ferrari,F-Reiza,Formula V8 Gen3,Scuderia Forza #3,Formula 1 (V8 Gen 3),53,formula_reiza
Scuderia Ferrari,F-Reiza,Formula V8 Gen3,Scuderia Forza #4,Formula 1 (V8 Gen 3),54,formula_reiza
McLaren Racing,F-V8_Gen1,Formula V8 Gen1 (M),McLean G.P. #3,Formula 1 (V8 Gen 1),51,formula_v8_g1_m
McLaren Racing,F-V8_Gen1,Formula V8 Gen1 (M),McLean G.P. #4,Formula 1 (V8 Gen 1),52,formula_v8_g1_m
Williams,F-V8_Gen1,Formula V8 Gen1 (M),Hoshino #11,Formula 1 (V8 Gen 1),53,formula_v8_g1_m
Williams,F-V8_Gen1,Formula V8 Gen1 (M),Hoshino #12,Formula 1 (V8 Gen 1),54,formula_v8_g1_m
Red Bull Racing,F-V8_Gen1,Formula V8 Gen1 (M),energyX Racing #14,Formula 1 (V8 Gen 1),55,formula_v8_g1_m
Red Bull Racing,F-V8_Gen1,Formula V8 Gen1 (M),energyX Racing #15,Formula 1 (V8 Gen 1),56,formula_v8_g1_m
BMW Sauber,F-V8_Gen1,Formula V8 Gen1 (M),Deutsch Zir-Win Motorsport #16,Formula 1 (V8 Gen 1),57,formula_v8_g1_m
BMW Sauber,F-V8_Gen1,Formula V8 Gen1 (M),Deutsch Zir-Win Motorsport #17,Formula 1 (V8 Gen 1),58,formula_v8_g1_m
Scuderia Toro Rosso,F-V8_Gen1,Formula V8 Gen1 (M),energyX Faenza #20,Formula 1 (V8 Gen 1),59,formula_v8_g1_m
Scuderia Toro Rosso,F-V8_Gen1,Formula V8 Gen1 (M),energyX Faenza #21,Formula 1 (V8 Gen 1),60,formula_v8_g1_m
Scuderia Ferrari,F-V8_Gen1,Formula V8 Gen1 (B),Scuderia Forza #5,Formula 1 (V8 Gen 1),51,formula_v8_g1_b
Scuderia Ferrari,F-V8_Gen1,Formula V8 Gen1 (B),Scuderia Forza #6,Formula 1 (V8 Gen 1),52,formula_v8_g1_b
Honda Racing,F-V8_Gen1,Formula V8 Gen1 (B),TECH-J #7,Formula 1 (V8 Gen 1),53,formula_v8_g1_b
Honda Racing,F-V8_Gen1,Formula V8 Gen1 (B),TECH-J #8,Formula 1 (V8 Gen 1),54,formula_v8_g1_b
Toyota,F-V8_Gen1,Formula V8 Gen1 (B),Didcot Racing #9,Formula 1 (V8 Gen 1),55,formula_v8_g1_b
Toyota,F-V8_Gen1,Formula V8 Gen1 (B),Didcot Racing #10,Formula 1 (V8 Gen 1),56,formula_v8_g1_b
Midland F1,F-V8_Gen1,Formula V8 Gen1 (B),FMR Racing #18,Formula 1 (V8 Gen 1),57,formula_v8_g1_b
Midland F1,F-V8_Gen1,Formula V8 Gen1 (B),FMR Racing #19,Formula 1 (V8 Gen 1),58,formula_v8_g1_b
Super Aguri,F-V8_Gen1,Formula V8 Gen1 (B),Team Agiro #22,Formula 1 (V8 Gen 1),59,formula_v8_g1_b
Super Aguri,F-V8_Gen1,Formula V8 Gen1 (B),Team Agiro #23,Formula 1 (V8 Gen 1),60,formula_v8_g1_b
Renault F1 Team,F-V8_Gen1,Renault R26,Renault R26 #1,Formula 1 (V8 Gen 1),51,renault_r26
Renault F1 Team,F-V8_Gen1,Renault R26,Renault R26 #2,Formula 1 (V8 Gen 1),52,renault_r26
Scuderia Ferrari,F-V8_Gen2,Formula V8 Gen2,Scuderia Forza #1,Formula 1 (V8 Gen 2),51,formula_v8_g2
Scuderia Ferrari,F-V8_Gen2,Formula V8 Gen2,Scuderia Forza #2,Formula 1 (V8 Gen 2),52,formula_v8_g2
BMW Sauber,F-V8_Gen2,Formula V8 Gen2,Deutsch Zir-Win Motorsport #3,Formula 1 (V8 Gen 2),53,formula_v8_g2
BMW Sauber,F-V8_Gen2,Formula V8 Gen2,Deutsch Zir-Win Motorsport #4,Formula 1 (V8 Gen 2),54,formula_v8_g2
Toyota,F-V8_Gen2,Formula V8 Gen2,Didcot Racing #7,Formula 1 (V8 Gen 2),55,formula_v8_g2
Toyota,F-V8_Gen2,Formula V8 Gen2,Didcot Racing #8,Formula 1 (V8 Gen 2),56,formula_v8_g2
Red Bull Racing,F-V8_Gen2,Formula V8 Gen2,energyX Racing #9,Formula 1 (V8 Gen 2),57,formula_v8_g2
Red Bull Racing,F-V8_Gen2,Formula V8 Gen2,energyX Racing #10,Formula 1 (V8 Gen 2),58,formula_v8_g2
Honda Racing,F-V8_Gen2,Formula V8 Gen2,TECH-J #11,Formula 1 (V8 Gen 2),59,formula_v8_g2
Honda Racing,F-V8_Gen2,Formula V8 Gen2,TECH-J #12,Formula 1 (V8 Gen 2),60,formula_v8_g2
Scuderia Toro Rosso,F-V8_Gen2,Formula V8 Gen2,energyX Faenza #14,Formula 1 (V8 Gen 2),61,formula_v8_g2
Scuderia Toro Rosso,F-V8_Gen2,Formula V8 Gen2,energyX Faenza #15,Formula 1 (V8 Gen 2),62,formula_v8_g2
Williams,F-V8_Gen2,Formula V8 Gen2,Hoshino #16,Formula 1 (V8 Gen 2),63,formula_v8_g2
Williams,F-V8_Gen2,Formula V8 Gen2,Hoshino #17,Formula 1 (V8 Gen 2),64,formula_v8_g2
Force India,F-V8_Gen2,Formula V8 Gen2,Team Agiro #18,Formula 1 (V8 Gen 2),65,formula_v8_g2
Force India,F-V8_Gen2,Formula V8 Gen2,Team Agiro #19,Formula 1 (V8 Gen 2),66,formula_v8_g2
McLaren Racing,F-V8_Gen2,Formula V8 Gen2,Cobra Force G.P. #20,Formula 1 (V8 Gen 2),67,formula_v8_g2
McLaren Racing,F-V8_Gen2,Formula V8 Gen2,Cobra Force G.P. #21,Formula 1 (V8 Gen 2),68,formula_v8_g2
Renault F1 Team,F-V8_Gen2,Renault R28,Renault R28 #5,Formula 1 (V8 Gen 2),51,renault_r28
Renault F1 Team,F-V8_Gen2,Renault R28,Renault R28 #6,Formula 1 (V8 Gen 2),52,renault_r28
Sauber,F-Reiza,Formula V8 Gen3,Zir-Win Motorsport #1,Formula 1 (V8 Gen 3),51,formula_reiza
Sauber,F-Reiza,Formula V8 Gen3,Zir-Win Motorsport #2,Formula 1 (V8 Gen 3),52,formula_reiza
Williams Racing,F-Reiza,Formula V8 Gen3,Team Hornsey #7,Formula 1 (V8 Gen 3),57,formula_reiza
Williams Racing,F-Reiza,Formula V8 Gen3,Team Hornsey #8,Formula 1 (V8 Gen 3),58,formula_reiza
HRT,F-Reiza,Formula V8 Gen3,Didcot Racing #9,Formula 1 (V8 Gen 3),59,formula_reiza
HRT,F-Reiza,Formula V8 Gen3,Didcot Racing #10,Formula 1 (V8 Gen 3),60,formula_reiza
Caterham F1 Team,F-Reiza,Formula V8 Gen3,Cobra Force G.P. #14,Formula 1 (V8 Gen 3),63,formula_reiza
Caterham F1 Team,F-Reiza,Formula V8 Gen3,Cobra Force G.P. #15,Formula 1 (V8 Gen 3),64,formula_reiza
Marussia F1 Team,F-Reiza,Formula V8 Gen3,Roch G.P. #22,Formula 1 (V8 Gen 3),71,formula_reiza
Marussia F1 Team,F-Reiza,Formula V8 Gen3,Roch G.P. #23,Formula 1 (V8 Gen 3),72,formula_reiza
Alpine,F-Ultimate_Gen2,Formula Ultimate Hybrid Gen3,Team Virystone #15,Formula 1 (Hybrid Gen 3),54,formula_ultimate_2024
Alpine,F-Ultimate_Gen2,Formula Ultimate Hybrid Gen3,Team Virystone #2,Formula 1 (Hybrid Gen 3),53,formula_ultimate_2024
Aston Martin,F-Ultimate_Gen2,Formula Ultimate Hybrid Gen3,Bond G.P. #3,Formula 1 (Hybrid Gen 3),55,formula_ultimate_2024
Aston Martin,F-Ultimate_Gen2,Formula Ultimate Hybrid Gen3,Bond G.P. #5,Formula 1 (Hybrid Gen 3),56,formula_ultimate_2024
Audi,F-Ultimate_Gen2,Formula Ultimate Hybrid Gen3,Zir-Win Motorsport #17,Formula 1 (Hybrid Gen 3),61,formula_ultimate_2024
Audi,F-Ultimate_Gen2,Formula Ultimate Hybrid Gen3,Zir-Win Motorsport #28,Formula 1 (Hybrid Gen 3),62,formula_ultimate_2024
Haas,F-Ultimate_Gen2,Formula Ultimate Hybrid Gen3,DNA-US #4,Formula 1 (Hybrid Gen 3),57,formula_ultimate_2024
Haas,F-Ultimate_Gen2,Formula Ultimate Hybrid Gen3,DNA-US #7,Formula 1 (Hybrid Gen 3),58,formula_ultimate_2024
McLaren Racing,F-Ultimate_Gen2,Formula Ultimate Hybrid Gen3,McLean G.P. #22,Formula 1 (Hybrid Gen 3),63,formula_ultimate_2024
McLaren Racing,F-Ultimate_Gen2,Formula Ultimate Hybrid Gen3,McLean G.P. #32,Formula 1 (Hybrid Gen 3),64,formula_ultimate_2024
Mercedes-AMG,F-Ultimate_Gen2,Formula Ultimate Hybrid Gen3,Starward G.P. #18,Formula 1 (Hybrid Gen 3),60,formula_ultimate_2024
Mercedes-AMG,F-Ultimate_Gen2,Formula Ultimate Hybrid Gen3,Starward G.P. #9,Formula 1 (Hybrid Gen 3),59,formula_ultimate_2024
Racing Bulls,F-Ultimate_Gen2,Formula Ultimate Hybrid Gen3,energyX Faenza #60,Formula 1 (Hybrid Gen 3),69,formula_ultimate_2024
Racing Bulls,F-Ultimate_Gen2,Formula Ultimate Hybrid Gen3,energyX Faenza #98,Formula 1 (Hybrid Gen 3),70,formula_ultimate_2024
Red Bull Racing,F-Ultimate_Gen2,Formula Ultimate Hybrid Gen3,energyX Racing #1,Formula 1 (Hybrid Gen 3),51,formula_ultimate_2024
Red Bull Racing,F-Ultimate_Gen2,Formula Ultimate Hybrid Gen3,energyX Racing #6,Formula 1 (Hybrid Gen 3),52,formula_ultimate_2024
Scuderia Ferrari,F-Ultimate_Gen2,Formula Ultimate Hybrid Gen3,Scuderia Forza #45,Formula 1 (Hybrid Gen 3),67,formula_ultimate_2024
Scuderia Ferrari,F-Ultimate_Gen2,Formula Ultimate Hybrid Gen3,Scuderia Forza #72,Formula 1 (Hybrid Gen 3),68,formula_ultimate_2024
Williams Racing,F-Ultimate_Gen2,Formula Ultimate Hybrid Gen3,Didcot Racing #24,Formula 1 (Hybrid Gen 3),65,formula_ultimate_2024
Williams Racing,F-Ultimate_Gen2,Formula Ultimate Hybrid Gen3,Didcot Racing #51,Formula 1 (Hybrid Gen 3),66,formula_ultimate_2024
Red Bull Racing,F-Ultimate_Gen1,Formula Ultimate Hybrid Gen1,energyX Racing #3,Formula 1 (Hybrid Gen 1),51,formula_ultimate_2016
Red Bull Racing,F-Ultimate_Gen1,Formula Ultimate Hybrid Gen1,energyX Racing #33,Formula 1 (Hybrid Gen 1),52,formula_ultimate_2016
Scuderia Ferrari,F-Ultimate_Gen1,Formula Ultimate Hybrid Gen1,Scuderia Forza #5,Formula 1 (Hybrid Gen 1),53,formula_ultimate_2016
Scuderia Ferrari,F-Ultimate_Gen1,Formula Ultimate Hybrid Gen1,Scuderia Forza #7,Formula 1 (Hybrid Gen 1),54,formula_ultimate_2016
Mercedes-AMG,F-Ultimate_Gen1,Formula Ultimate Hybrid Gen1,Starward G.P. #6,Formula 1 (Hybrid Gen 1),55,formula_ultimate_2016
Mercedes-AMG,F-Ultimate_Gen1,Formula Ultimate Hybrid Gen1,Starward G.P. #44,Formula 1 (Hybrid Gen 1),56,formula_ultimate_2016
Williams Racing,F-Ultimate_Gen1,Formula Ultimate Hybrid Gen1,DNA-USA #8,Formula 1 (Hybrid Gen 1),57,formula_ultimate_2016
Williams Racing,F-Ultimate_Gen1,Formula Ultimate Hybrid Gen1,DNA-USA #21,Formula 1 (Hybrid Gen 1),58,formula_ultimate_2016
Sauber,F-Ultimate_Gen1,Formula Ultimate Hybrid Gen1,Zir-Win Motorsport #9,Formula 1 (Hybrid Gen 1),59,formula_ultimate_2016
Sauber,F-Ultimate_Gen1,Formula Ultimate Hybrid Gen1,Zir-Win Motorsport #12,Formula 1 (Hybrid Gen 1),60,formula_ultimate_2016
Force India,F-Ultimate_Gen1,Formula Ultimate Hybrid Gen1,Cobra Foce G.P. #11,Formula 1 (Hybrid Gen 1),61,formula_ultimate_2016
Force India,F-Ultimate_Gen1,Formula Ultimate Hybrid Gen1,Cobra Foce G.P. #27,Formula 1 (Hybrid Gen 1),62,formula_ultimate_2016
McLaren Racing,F-Ultimate_Gen1,Formula Ultimate Hybrid Gen1,McLean G.P. #14,Formula 1 (Hybrid Gen 1),63,formula_ultimate_2016
McLaren Racing,F-Ultimate_Gen1,Formula Ultimate Hybrid Gen1,McLean G.P. #22,Formula 1 (Hybrid Gen 1),64,formula_ultimate_2016
Manor Racing,F-Ultimate_Gen1,Formula Ultimate Hybrid Gen1,Didcot Racing #19,Formula 1 (Hybrid Gen 1),65,formula_ultimate_2016
Manor Racing,F-Ultimate_Gen1,Formula Ultimate Hybrid Gen1,Didcot Racing #77,Formula 1 (Hybrid Gen 1),66,formula_ultimate_2016
Renault,F-Ultimate_Gen1,Formula Ultimate Hybrid Gen1,Team Virystone #20,Formula 1 (Hybrid Gen 1),67,formula_ultimate_2016
Renault,F-Ultimate_Gen1,Formula Ultimate Hybrid Gen1,Team Virystone #30,Formula 1 (Hybrid Gen 1),68,formula_ultimate_2016
Scuderia Toro Rosso,F-Ultimate_Gen1,Formula Ultimate Hybrid Gen1,energyX Faenza #26,Formula 1 (Hybrid Gen 1),69,formula_ultimate_2016
Scuderia Toro Rosso,F-Ultimate_Gen1,Formula Ultimate Hybrid Gen1,energyX Faenza #55,Formula 1 (Hybrid Gen 1),70,formula_ultimate_2016
Haas,F-Ultimate_Gen1,Formula Ultimate Hybrid Gen1,oX-HORN Racing #31,Formula 1 (Hybrid Gen 1),71,formula_ultimate_2016
Haas,F-Ultimate_Gen1,Formula Ultimate Hybrid Gen1,oX-HORN Racing #94,Formula 1 (Hybrid Gen 1),72,formula_ultimate_2016
Alfa Romeo Racing,F-Ultimate,Formula Ultimate Hybrid Gen2,DNA-US #2,Formula 1 (Hybrid Gen 2),51,formula_ultimate_2019
Alfa Romeo Racing,F-Ultimate,Formula Ultimate Hybrid Gen2,DNA-US #3,Formula 1 (Hybrid Gen 2),52,formula_ultimate_2019
Scuderia AlphaTauri,F-Ultimate,Formula Ultimate Hybrid Gen2,energyX Faenza #4,Formula 1 (Hybrid Gen 2),53,formula_ultimate_2019
Scuderia AlphaTauri,F-Ultimate,Formula Ultimate Hybrid Gen2,energyX Faenza #7,Formula 1 (Hybrid Gen 2),54,formula_ultimate_2019
Renault,F-Ultimate,Formula Ultimate Hybrid Gen2,Team Virystone #5,Formula 1 (Hybrid Gen 2),55,formula_ultimate_2019
Renault,F-Ultimate,Formula Ultimate Hybrid Gen2,Team Virystone #8,Formula 1 (Hybrid Gen 2),56,formula_ultimate_2019
Red Bull Racing,F-Ultimate,Formula Ultimate Hybrid Gen2,energyX Racing #6,Formula 1 (Hybrid Gen 2),57,formula_ultimate_2019
Red Bull Racing,F-Ultimate,Formula Ultimate Hybrid Gen2,energyX Racing #32,Formula 1 (Hybrid Gen 2),58,formula_ultimate_2019
Scuderia Ferrari,F-Ultimate,Formula Ultimate Hybrid Gen2,Scuderia Forza #24,Formula 1 (Hybrid Gen 2),59,formula_ultimate_2019
Scuderia Ferrari,F-Ultimate,Formula Ultimate Hybrid Gen2,Scuderia Forza #37,Formula 1 (Hybrid Gen 2),60,formula_ultimate_2019
Racing Point,F-Ultimate,Formula Ultimate Hybrid Gen2,Racing Edge #28,Formula 1 (Hybrid Gen 2),61,formula_ultimate_2019
Racing Point,F-Ultimate,Formula Ultimate Hybrid Gen2,Racing Edge #29,Formula 1 (Hybrid Gen 2),62,formula_ultimate_2019
Williams Racing,F-Ultimate,Formula Ultimate Hybrid Gen2,Scuderia Milano #42,Formula 1 (Hybrid Gen 2),63,formula_ultimate_2019
Williams Racing,F-Ultimate,Formula Ultimate Hybrid Gen2,Scuderia Milano #54,Formula 1 (Hybrid Gen 2),64,formula_ultimate_2019
Haas,F-Ultimate,Formula Ultimate Hybrid Gen2,Didcot Racing #53,Formula 1 (Hybrid Gen 2),65,formula_ultimate_2019
Haas,F-Ultimate,Formula Ultimate Hybrid Gen2,Didcot Racing #86,Formula 1 (Hybrid Gen 2),66,formula_ultimate_2019
Mercedes-AMG,F-Ultimate,Formula Ultimate Hybrid Gen2,Starward G.P. #60,Formula 1 (Hybrid Gen 2),67,formula_ultimate_2019
Mercedes-AMG,F-Ultimate,Formula Ultimate Hybrid Gen2,Starward G.P. #62,Formula 1 (Hybrid Gen 2),68,formula_ultimate_2019
McLaren Racing,F-Ultimate,Formula Ultimate Hybrid Gen2,McLean G.P. #98,Formula 1 (Hybrid Gen 2),69,formula_ultimate_2019
McLaren Racing,F-Ultimate,Formula Ultimate Hybrid Gen2,McLean G.P. #99,Formula 1 (Hybrid Gen 2),70,formula_ultimate_2019